θ_0,θ_1,Population,Price
-3.90,1.19,22.203,22.853927519070513
-3.90,1.19,22.42158762886598,23.11470991451126
-3.90,1.19,22.640175257731958,23.375492309952
-3.90,1.19,22.858762886597937,23.636274705392744
-3.90,1.19,23.077350515463916,23.897057100833486
-3.90,1.19,23.295938144329895,24.157839496274228
-3.90,1.19,23.514525773195874,24.41862189171497
-3.90,1.19,23.733113402061853,24.679404287155716
-3.90,1.19,23.951701030927833,24.940186682596458
-3.90,1.19,24.170288659793812,25.2009690780372
-3.90,1.19,24.38887628865979,25.461751473477943
-3.90,1.19,24.60746391752577,25.722533868918685
-3.90,1.19,24.82605154639175,25.983316264359427
-3.90,1.19,25.04463917525773,26.244098659800173
-3.90,1.19,25.263226804123708,26.504881055240915
-3.90,1.19,25.481814432989687,26.765663450681657
-3.90,1.19,25.700402061855666,27.0264458461224
-3.90,1.19,25.918989690721645,27.28722824156314
-3.90,1.19,26.137577319587624,27.548010637003884
-3.90,1.19,26.356164948453603,27.808793032444626
-3.90,1.19,26.574752577319583,28.069575427885372
-3.90,1.19,26.79334020618556,28.330357823326114
-3.90,1.19,27.01192783505154,28.591140218766856
-3.90,1.19,27.23051546391752,28.8519226142076
-3.90,1.19,27.4491030927835,29.11270500964834
-3.90,1.19,27.66769072164948,29.373487405089083
-3.90,1.19,27.886278350515457,29.63426980052983
-3.90,1.19,28.104865979381437,29.89505219597057
-3.90,1.19,28.323453608247416,30.155834591411313
-3.90,1.19,28.542041237113395,30.416616986852056
-3.90,1.19,28.760628865979374,30.677399382292798
-3.90,1.19,28.979216494845353,30.93818177773354
-3.90,1.19,29.197804123711332,31.198964173174286
-3.90,1.19,29.41639175257731,31.459746568615028
-3.90,1.19,29.63497938144329,31.72052896405577
-3.90,1.19,29.85356701030927,31.981311359496512
-3.90,1.19,30.07215463917525,32.24209375493726
-3.90,1.19,30.290742268041228,32.502876150378
-3.90,1.19,30.509329896907207,32.76365854581874
-3.90,1.19,30.727917525773186,33.024440941259485
-3.90,1.19,30.946505154639166,33.28522333670023
-3.90,1.19,31.165092783505145,33.54600573214097
-3.90,1.19,31.383680412371124,33.80678812758171
-3.90,1.19,31.602268041237103,34.067570523022454
-3.90,1.19,31.820855670103082,34.328352918463196
-3.90,1.19,32.03944329896906,34.589135313903945
-3.90,1.19,32.258030927835044,34.849917709344695
-3.90,1.19,32.47661855670103,35.11070010478544
-3.90,1.19,32.69520618556701,35.371482500226186
-3.90,1.19,32.91379381443299,35.632264895666935
-3.90,1.19,33.132381443298975,35.89304729110768
-3.90,1.19,33.35096907216496,36.15382968654843
-3.90,1.19,33.56955670103094,36.414612081989176
-3.90,1.19,33.78814432989692,36.67539447742992
-3.90,1.19,34.006731958762906,36.93617687287067
-3.90,1.19,34.22531958762889,37.19695926831142
-3.90,1.19,34.44390721649487,37.45774166375216
-3.90,1.19,34.662494845360854,37.71852405919291
-3.90,1.19,34.88108247422684,37.97930645463366
-3.90,1.19,35.09967010309282,38.2400888500744
-3.90,1.19,35.3182577319588,38.50087124551515
-3.90,1.19,35.536845360824785,38.7616536409559
-3.90,1.19,35.75543298969077,39.02243603639664
-3.90,1.19,35.97402061855675,39.28321843183739
-3.90,1.19,36.19260824742273,39.54400082727814
-3.90,1.19,36.411195876288716,39.80478322271888
-3.90,1.19,36.6297835051547,40.06556561815963
-3.90,1.19,36.84837113402068,40.32634801360038
-3.90,1.19,37.066958762886664,40.58713040904113
-3.90,1.19,37.285546391752646,40.84791280448187
-3.90,1.19,37.50413402061863,41.10869519992262
-3.90,1.19,37.72272164948461,41.36947759536337
-3.90,1.19,37.941309278350595,41.63025999080411
-3.90,1.19,38.15989690721658,41.89104238624486
-3.90,1.19,38.37848453608256,42.15182478168561
-3.90,1.19,38.59707216494854,42.412607177126354
-3.90,1.19,38.815659793814525,42.6733895725671
-3.90,1.19,39.03424742268051,42.93417196800785
-3.90,1.19,39.25283505154649,43.194954363448595
-3.90,1.19,39.47142268041247,43.455736758889344
-3.90,1.19,39.690010309278456,43.71651915433009
-3.90,1.19,39.90859793814444,43.977301549770836
-3.90,1.19,40.12718556701042,44.238083945211585
-3.90,1.19,40.345773195876404,44.498866340652334
-3.90,1.19,40.56436082474239,44.75964873609308
-3.90,1.19,40.78294845360837,45.020431131533826
-3.90,1.19,41.00153608247435,45.281213526974575
-3.90,1.19,41.220123711340335,45.54199592241532
-3.90,1.19,41.43871134020632,45.80277831785607
-3.90,1.19,41.6572989690723,46.063560713296816
-3.90,1.19,41.87588659793828,46.32434310873756
-3.90,1.19,42.094474226804266,46.58512550417831
-3.90,1.19,42.31306185567025,46.84590789961906
-3.90,1.19,42.53164948453623,47.1066902950598
-3.90,1.19,42.750237113402214,47.36747269050055
-3.90,1.19,42.9688247422682,47.6282550859413
-3.90,1.19,43.18741237113418,47.88903748138204
-3.90,1.19,43.40600000000016,48.14981987682279
-3.90,1.19,43.624587628866145,48.41060227226354
-3.90,1.19,43.84317525773213,48.67138466770429
-3.90,1.19,44.06176288659811,48.93216706314503
-3.90,1.19,44.28035051546409,49.19294945858578
-3.90,1.19,44.498938144330076,49.45373185402653
-3.90,1.19,44.71752577319606,49.71451424946727
-3.90,1.19,44.93611340206204,49.97529664490802
-3.90,1.19,45.154701030928024,50.23607904034877
-3.90,1.19,45.37328865979401,50.49686143578951
-3.90,1.19,45.59187628865999,50.75764383123026
-3.90,1.19,45.81046391752597,51.01842622667101
-3.90,1.19,46.029051546391955,51.27920862211175
-3.90,1.19,46.24763917525794,51.5399910175525
-3.90,1.19,46.46622680412392,51.80077341299325
-3.90,1.19,46.6848144329899,52.061555808433994
-3.90,1.19,46.903402061855886,52.32233820387474
-3.90,1.19,47.12198969072187,52.58312059931549
-3.90,1.19,47.34057731958785,52.843902994756235
-3.90,1.19,47.559164948453834,53.104685390196984
-3.90,1.19,47.777752577319816,53.36546778563773
-3.90,1.19,47.9963402061858,53.626250181078476
-3.90,1.19,48.21492783505178,53.887032576519225
-3.90,1.19,48.433515463917765,54.147814971959974
-3.90,1.19,48.65210309278375,54.408597367400716
-3.90,1.19,48.87069072164973,54.669379762841466
-3.90,1.19,49.08927835051571,54.930162158282215
-3.90,1.19,49.307865979381695,55.19094455372296
-3.90,1.19,49.52645360824768,55.45172694916371
-3.90,1.19,49.74504123711366,55.712509344604456
-3.90,1.19,49.96362886597964,55.9732917400452
-3.90,1.19,50.182216494845626,56.23407413548595
-3.90,1.19,50.40080412371161,56.4948565309267
-3.90,1.19,50.61939175257759,56.75563892636744
-3.90,1.19,50.837979381443574,57.01642132180819
-3.90,1.19,51.05656701030956,57.27720371724894
-3.90,1.19,51.27515463917554,57.53798611268969
-3.90,1.19,51.49374226804152,57.79876850813043
-3.90,1.19,51.712329896907505,58.05955090357118
-3.90,1.19,51.93091752577349,58.32033329901193
-3.90,1.19,52.14950515463947,58.58111569445267
-3.90,1.19,52.36809278350545,58.84189808989342
-3.90,1.19,52.586680412371436,59.10268048533417
-3.90,1.19,52.80526804123742,59.36346288077491
-3.90,1.19,53.0238556701034,59.62424527621566
-3.90,1.19,53.242443298969384,59.88502767165641
-3.90,1.19,53.46103092783537,60.14581006709715
-3.90,1.19,53.67961855670135,60.4065924625379
-3.90,1.19,53.89820618556733,60.66737485797865
-3.90,1.19,54.116793814433315,60.92815725341939
-3.90,1.19,54.3353814432993,61.18893964886014
-3.90,1.19,54.55396907216528,61.44972204430089
-3.90,1.19,54.77255670103126,61.710504439741634
-3.90,1.19,54.991144329897246,61.97128683518238
-3.90,1.19,55.20973195876323,62.23206923062313
-3.90,1.19,55.42831958762921,62.492851626063874
-3.90,1.19,55.646907216495194,62.753634021504624
-3.90,1.19,55.86549484536118,63.01441641694537
-3.90,1.19,56.08408247422716,63.275198812386115
-3.90,1.19,56.30267010309314,63.535981207826865
-3.90,1.19,56.521257731959125,63.796763603267614
-3.90,1.19,56.73984536082511,64.05754599870836
-3.90,1.19,56.95843298969109,64.3183283941491
-3.90,1.19,57.17702061855707,64.57911078958985
-3.90,1.19,57.395608247423056,64.8398931850306
-3.90,1.19,57.61419587628904,65.10067558047135
-3.90,1.19,57.83278350515502,65.36145797591209
-3.90,1.19,58.051371134021004,65.62224037135285
-3.90,1.19,58.269958762886986,65.88302276679359
-3.90,1.19,58.48854639175297,66.14380516223433
-3.90,1.19,58.70713402061895,66.40458755767509
-3.90,1.19,58.925721649484935,66.66536995311583
-3.90,1.19,59.14430927835092,66.92615234855657
-3.90,1.19,59.3628969072169,67.18693474399733
-3.90,1.19,59.58148453608288,67.44771713943807
-3.90,1.19,59.800072164948865,67.70849953487881
-3.90,1.19,60.01865979381485,67.96928193031957
-3.90,1.19,60.23724742268083,68.23006432576031
-3.90,1.19,60.45583505154681,68.49084672120105
-3.90,1.19,60.674422680412796,68.75162911664181
-3.90,1.19,60.89301030927878,69.01241151208255
-3.90,1.19,61.11159793814476,69.27319390752331
-3.90,1.19,61.330185567010744,69.53397630296405
-3.90,1.19,61.54877319587673,69.79475869840479
-3.90,1.19,61.76736082474271,70.05554109384555
-3.90,1.19,61.98594845360869,70.31632348928629
-3.90,1.19,62.204536082474675,70.57710588472703
-3.90,1.19,62.42312371134066,70.83788828016779
-3.90,1.19,62.64171134020664,71.09867067560853
-3.90,1.19,62.86029896907262,71.35945307104927
-3.90,1.19,63.078886597938606,71.62023546649003
-3.90,1.19,63.29747422680459,71.88101786193077
-3.90,1.19,63.51606185567057,72.14180025737151
-3.90,1.19,63.734649484536554,72.40258265281227
-3.90,1.19,63.95323711340254,72.663365048253
-3.90,1.19,64.17182474226851,72.92414744369374
-3.90,1.19,64.39041237113449,73.18492983913448
-3.90,1.19,64.60900000000046,73.44571223457523
-3.90,1.19,64.82758762886644,73.70649463001595
-3.90,1.19,65.04617525773241,73.9672770254567
-3.90,1.19,65.26476288659839,74.22805942089744
-3.90,1.19,65.48335051546437,74.48884181633818
-3.90,1.19,65.70193814433034,74.74962421177891
-3.90,1.19,65.92052577319632,75.01040660721965
-3.90,1.19,66.13911340206229,75.27118900266039
-3.90,1.19,66.35770103092827,75.53197139810112
-3.90,1.19,66.57628865979424,75.79275379354186
-3.90,1.19,66.79487628866022,76.0535361889826
-3.90,1.19,67.0134639175262,76.31431858442335
-3.90,1.19,67.23205154639217,76.57510097986408
-3.90,1.19,67.45063917525815,76.83588337530482
-3.90,1.19,67.66922680412412,77.09666577074556
-3.90,1.19,67.8878144329901,77.3574481661863
-3.90,1.19,68.10640206185607,77.61823056162703
-3.90,1.19,68.32498969072205,77.87901295706777
-3.90,1.19,68.54357731958802,78.13979535250851
-3.90,1.19,68.762164948454,78.40057774794926
-3.90,1.19,68.98075257731998,78.66136014338998
-3.90,1.19,69.19934020618595,78.92214253883073
-3.90,1.19,69.41792783505193,79.18292493427147
-3.90,1.19,69.6365154639179,79.44370732971221
-3.90,1.19,69.85510309278388,79.70448972515294
-3.90,1.19,70.07369072164985,79.96527212059368
-3.90,1.19,70.29227835051583,80.22605451603442
-3.90,1.19,70.5108659793818,80.48683691147517
-3.90,1.19,70.72945360824778,80.7476193069159
-3.90,1.19,70.94804123711376,81.00840170235664
-3.90,1.19,71.16662886597973,81.26918409779738
-3.90,1.19,71.38521649484571,81.52996649323812
-3.90,1.19,71.60380412371168,81.79074888867885
-3.90,1.19,71.82239175257766,82.05153128411959
-3.90,1.19,72.04097938144363,82.31231367956033
-3.90,1.19,72.25956701030961,82.57309607500108
-3.90,1.19,72.47815463917559,82.8338784704418
-3.90,1.19,72.69674226804156,83.09466086588255
-3.90,1.19,72.91532989690754,83.35544326132329
-3.90,1.19,73.13391752577351,83.61622565676402
-3.90,1.19,73.35250515463949,83.87700805220476
-3.90,1.19,73.57109278350546,84.1377904476455
-3.90,1.19,73.78968041237144,84.39857284308624
-3.90,1.19,74.00826804123741,84.65935523852697
-3.90,1.19,74.22685567010339,84.92013763396771
-3.90,1.19,74.44544329896937,85.18092002940845
-3.90,1.19,74.66403092783534,85.4417024248492
-3.90,1.19,74.88261855670132,85.70248482028992
-3.90,1.19,75.10120618556729,85.96326721573067
-3.90,1.19,75.31979381443327,86.22404961117141
-3.90,1.19,75.53838144329924,86.48483200661215
-3.90,1.19,75.75696907216522,86.74561440205288
-3.90,1.19,75.9755567010312,87.00639679749362
-3.90,1.19,76.19414432989717,87.26717919293436
-3.90,1.19,76.41273195876315,87.5279615883751
-3.90,1.19,76.63131958762912,87.78874398381583
-3.90,1.19,76.8499072164951,88.04952637925658
-3.90,1.19,77.06849484536107,88.31030877469732
-3.90,1.19,77.28708247422705,88.57109117013806
-3.90,1.19,77.50567010309302,88.83187356557879
-3.90,1.19,77.724257731959,89.09265596101953
-3.90,1.19,77.94284536082498,89.35343835646027
-3.90,1.19,78.16143298969095,89.61422075190102
-3.90,1.19,78.38002061855693,89.87500314734174
-3.90,1.19,78.5986082474229,90.13578554278249
-3.90,1.19,78.81719587628888,90.39656793822323
-3.90,1.19,79.03578350515485,90.65735033366397
-3.90,1.19,79.25437113402083,90.9181327291047
-3.90,1.19,79.4729587628868,91.17891512454544
-3.90,1.19,79.69154639175278,91.43969751998618
-3.90,1.19,79.91013402061876,91.70047991542691
-3.90,1.19,80.12872164948473,91.96126231086765
-3.90,1.19,80.3473092783507,92.2220447063084
-3.90,1.19,80.56589690721668,92.48282710174914
-3.90,1.19,80.78448453608266,92.74360949718987
-3.90,1.19,81.00307216494863,93.00439189263061
-3.90,1.19,81.22165979381461,93.26517428807135
-3.90,1.19,81.44024742268059,93.52595668351209
-3.90,1.19,81.65883505154656,93.78673907895282
-3.90,1.19,81.87742268041254,94.04752147439356
-3.90,1.19,82.09601030927851,94.3083038698343
-3.90,1.19,82.31459793814449,94.56908626527505
-3.90,1.19,82.53318556701046,94.82986866071577
-3.90,1.19,82.75177319587644,95.09065105615652
-3.90,1.19,82.97036082474241,95.35143345159726
-3.90,1.19,83.18894845360839,95.612215847038
-3.90,1.19,83.40753608247437,95.87299824247873
-3.90,1.19,83.62612371134034,96.13378063791947
-3.90,1.19,83.84471134020632,96.39456303336021
-3.90,1.19,84.06329896907229,96.65534542880096
-3.90,1.19,84.28188659793827,96.91612782424168
-3.90,1.19,84.50047422680424,97.17691021968243
-3.90,1.19,84.71906185567022,97.43769261512317
-3.90,1.19,84.9376494845362,97.69847501056391
-3.90,1.19,85.15623711340217,97.95925740600464
-3.90,1.19,85.37482474226815,98.22003980144538
-3.90,1.19,85.59341237113412,98.48082219688612
-3.90,1.19,85.8120000000001,98.74160459232687
-3.90,1.19,86.03058762886607,99.0023869877676
-3.90,1.19,86.24917525773205,99.26316938320834
-3.90,1.19,86.46776288659802,99.52395177864908
-3.90,1.19,86.686350515464,99.7847341740898
-3.90,1.19,86.90493814432998,100.04551656953055
-3.90,1.19,87.12352577319595,100.30629896497129
-3.90,1.19,87.34211340206193,100.56708136041203
-3.90,1.19,87.5607010309279,100.82786375585276
-3.90,1.19,87.77928865979388,101.0886461512935
-3.90,1.19,87.99787628865985,101.34942854673425
-3.90,1.19,88.21646391752583,101.61021094217499
-3.90,1.19,88.4350515463918,101.87099333761572
-3.90,1.19,88.65363917525778,102.13177573305646
-3.90,1.19,88.87222680412376,102.3925581284972
-3.90,1.19,89.09081443298973,102.65334052393794
-3.90,1.19,89.3094020618557,102.91412291937867
-3.90,1.19,89.52798969072168,103.17490531481941
-3.90,1.19,89.74657731958766,103.43568771026015
-3.90,1.19,89.96516494845363,103.6964701057009
-3.90,1.19,90.18375257731961,103.95725250114162
-3.90,1.19,90.40234020618558,104.21803489658237
-3.90,1.19,90.62092783505156,104.47881729202311
-3.90,1.19,90.83951546391754,104.73959968746385
-3.90,1.19,91.05810309278351,105.00038208290458
-3.90,1.19,91.27669072164949,105.26116447834532
-3.90,1.19,91.49527835051546,105.52194687378606
-3.90,1.19,91.71386597938144,105.7827292692268
-3.90,1.19,91.93245360824741,106.04351166466753
-3.90,1.19,92.15104123711339,106.30429406010828
-3.90,1.19,92.36962886597937,106.56507645554902
-3.90,1.19,92.58821649484534,106.82585885098976
-3.90,1.19,92.80680412371132,107.08664124643049
-3.90,1.19,93.02539175257729,107.34742364187123
-3.90,1.19,93.24397938144327,107.60820603731197
-3.90,1.19,93.46256701030924,107.8689884327527
-3.90,1.19,93.68115463917522,108.12977082819344
-3.90,1.19,93.8997422680412,108.39055322363419
-3.90,1.19,94.11832989690717,108.65133561907493
-3.90,1.19,94.33691752577315,108.91211801451566
-3.90,1.19,94.55550515463912,109.1729004099564
-3.90,1.19,94.7740927835051,109.43368280539714
-3.90,1.19,94.99268041237107,109.69446520083788
-3.90,1.19,95.21126804123705,109.95524759627861
-3.90,1.19,95.42985567010302,110.21602999171935
-3.90,1.19,95.648443298969,110.4768123871601
-3.90,1.19,95.86703092783497,110.73759478260084
-3.90,1.19,96.08561855670095,110.99837717804157
-3.90,1.19,96.30420618556693,111.25915957348231
-3.90,1.19,96.5227938144329,111.51994196892305
-3.90,1.19,96.74138144329888,111.78072436436379
-3.90,1.19,96.95996907216485,112.04150675980452
-3.90,1.19,97.17855670103083,112.30228915524526
-3.90,1.19,97.3971443298968,112.563071550686
-3.90,1.19,97.61573195876278,112.82385394612675
-3.90,1.19,97.83431958762876,113.08463634156747
-3.90,1.19,98.05290721649473,113.34541873700822
-3.90,1.19,98.2714948453607,113.60620113244896
-3.90,1.19,98.49008247422668,113.8669835278897
-3.90,1.19,98.70867010309266,114.12776592333043
-3.90,1.19,98.92725773195863,114.38854831877117
-3.90,1.19,99.14584536082461,114.64933071421191
-3.90,1.19,99.36443298969058,114.91011310965266
-3.90,1.19,99.58302061855656,115.17089550509338
-3.90,1.19,99.80160824742254,115.43167790053413
-3.90,1.19,100.02019587628851,115.69246029597487
-3.90,1.19,100.23878350515449,115.9532426914156
-3.90,1.19,100.45737113402046,116.21402508685634
-3.90,1.19,100.67595876288644,116.47480748229708
-3.90,1.19,100.89454639175241,116.73558987773782
-3.90,1.19,101.11313402061839,116.99637227317855
-3.90,1.19,101.33172164948436,117.2571546686193
-3.90,1.19,101.55030927835034,117.51793706406004
-3.90,1.19,101.76889690721632,117.77871945950078
-3.90,1.19,101.98748453608229,118.0395018549415
-3.90,1.19,102.20607216494827,118.30028425038225
-3.90,1.19,102.42465979381424,118.56106664582299
-3.90,1.19,102.64324742268022,118.82184904126373
-3.90,1.19,102.8618350515462,119.08263143670446
-3.90,1.19,103.08042268041217,119.3434138321452
-3.90,1.19,103.29901030927815,119.60419622758594
-3.90,1.19,103.51759793814412,119.86497862302669
-3.90,1.19,103.7361855670101,120.12576101846741
-3.90,1.19,103.95477319587607,120.38654341390816
-3.90,1.19,104.17336082474205,120.6473258093489
-3.90,1.19,104.39194845360802,120.90810820478964
-3.90,1.19,104.610536082474,121.16889060023037
-3.90,1.19,104.82912371133997,121.42967299567111
-3.90,1.19,105.04771134020595,121.69045539111185
-3.90,1.19,105.26629896907193,121.9512377865526
-3.90,1.19,105.4848865979379,122.21202018199332
-3.90,1.19,105.70347422680388,122.47280257743407
-3.90,1.19,105.92206185566985,122.73358497287481
-3.90,1.19,106.14064948453583,122.99436736831555
-3.90,1.19,106.3592371134018,123.25514976375628
-3.90,1.19,106.57782474226778,123.51593215919702
-3.90,1.19,106.79641237113375,123.77671455463776
-3.90,1.19,107.01499999999973,124.03749695007849
-3.90,1.19,107.2335876288657,124.29827934551923
-3.90,1.19,107.45217525773168,124.55906174095998
-3.90,1.19,107.67076288659766,124.81984413640072
-3.90,1.19,107.88935051546363,125.08062653184145
-3.90,1.19,108.10793814432961,125.34140892728219
-3.90,1.19,108.32652577319558,125.60219132272293
-3.90,1.19,108.54511340206156,125.86297371816367
-3.90,1.19,108.76370103092754,126.1237561136044
-3.90,1.19,108.98228865979351,126.38453850904514
-3.90,1.19,109.20087628865949,126.64532090448589
-3.90,1.19,109.41946391752546,126.90610329992663
-3.90,1.19,109.63805154639144,127.16688569536736
-3.90,1.19,109.85663917525741,127.4276680908081
-3.90,1.19,110.07522680412339,127.68845048624884
-3.90,1.19,110.29381443298936,127.94923288168958
-3.90,1.19,110.51240206185534,128.2100152771303
-3.90,1.19,110.73098969072132,128.47079767257105
-3.90,1.19,110.94957731958729,128.7315800680118
-3.90,1.19,111.16816494845327,128.99236246345254
-3.90,1.19,111.38675257731924,129.25314485889328
-3.90,1.19,111.60534020618522,129.51392725433402
-3.90,1.19,111.8239278350512,129.77470964977473
-3.90,1.19,112.04251546391717,130.03549204521548
-3.90,1.19,112.26110309278315,130.29627444065622
-3.90,1.19,112.47969072164912,130.55705683609696
-3.90,1.19,112.6982783505151,130.8178392315377
-3.90,1.19,112.91686597938107,131.07862162697845
-3.90,1.19,113.13545360824705,131.3394040224192
-3.90,1.19,113.35404123711302,131.60018641785993
-3.90,1.19,113.572628865979,131.86096881330064
-3.90,1.19,113.79121649484497,132.1217512087414
-3.90,1.19,114.00980412371095,132.38253360418213
-3.90,1.19,114.22839175257693,132.64331599962287
-3.90,1.19,114.4469793814429,132.9040983950636
-3.90,1.19,114.66556701030888,133.16488079050436
-3.90,1.19,114.88415463917485,133.4256631859451
-3.90,1.19,115.10274226804083,133.6864455813858
-3.90,1.19,115.3213298969068,133.94722797682655
-3.90,1.19,115.53991752577278,134.2080103722673
-3.90,1.19,115.75850515463875,134.46879276770804
-3.90,1.19,115.97709278350473,134.72957516314878
-3.90,1.19,116.1956804123707,134.99035755858952
-3.90,1.19,116.41426804123668,135.25113995403026
-3.90,1.19,116.63285567010266,135.511922349471
-3.90,1.19,116.85144329896863,135.77270474491172
-3.90,1.19,117.07003092783461,136.03348714035246
-3.90,1.19,117.28861855670058,136.2942695357932
-3.90,1.19,117.50720618556656,136.55505193123395
-3.90,1.19,117.72579381443254,136.8158343266747
-3.90,1.19,117.94438144329851,137.07661672211543
-3.90,1.19,118.16296907216449,137.33739911755617
-3.90,1.19,118.38155670103046,137.59818151299692
-3.90,1.19,118.60014432989644,137.85896390843763
-3.90,1.19,118.81873195876241,138.11974630387837
-3.90,1.19,119.03731958762839,138.38052869931911
-3.90,1.19,119.25590721649436,138.64131109475986
-3.90,1.19,119.47449484536034,138.9020934902006
-3.90,1.19,119.69308247422632,139.16287588564134
-3.90,1.19,119.91167010309229,139.42365828108208
-3.90,1.19,120.13025773195827,139.68444067652283
-3.90,1.19,120.34884536082424,139.94522307196354
-3.90,1.19,120.56743298969022,140.20600546740428
-3.90,1.19,120.7860206185562,140.46678786284502
-3.90,1.19,121.00460824742217,140.72757025828577
-3.90,1.19,121.22319587628814,140.9883526537265
-3.90,1.19,121.44178350515412,141.24913504916725
-3.90,1.19,121.6603711340201,141.509917444608
-3.90,1.19,121.87895876288607,141.7706998400487
-3.90,1.19,122.09754639175205,142.03148223548945
-3.90,1.19,122.31613402061802,142.2922646309302
-3.90,1.19,122.534721649484,142.55304702637093
-3.90,1.19,122.75330927834997,142.81382942181168
-3.90,1.19,122.97189690721595,143.07461181725242
-3.90,1.19,123.19048453608193,143.33539421269316
-3.90,1.19,123.4090721649479,143.5961766081339
-3.90,1.19,123.62765979381388,143.85695900357462
-3.90,1.19,123.84624742267985,144.11774139901536
-3.90,1.19,124.06483505154583,144.3785237944561
-3.90,1.19,124.2834226804118,144.63930618989684
-3.90,1.19,124.50201030927778,144.90008858533758
-3.90,1.19,124.72059793814375,145.16087098077833
-3.90,1.19,124.93918556700973,145.42165337621907
-3.90,1.19,125.1577731958757,145.6824357716598
-3.90,1.19,125.37636082474168,145.94321816710053
-3.90,1.19,125.59494845360766,146.20400056254127
-3.90,1.19,125.81353608247363,146.464782957982
-3.90,1.19,126.03212371133961,146.72556535342275
-3.90,1.19,126.25071134020558,146.9863477488635
-3.90,1.19,126.46929896907156,147.24713014430424
-3.90,1.19,126.68788659793753,147.50791253974498
-3.90,1.19,126.90647422680351,147.76869493518572
-3.90,1.19,127.12506185566949,148.02947733062643
-3.90,1.19,127.34364948453546,148.29025972606718
-3.90,1.19,127.56223711340144,148.55104212150792
-3.90,1.19,127.78082474226741,148.81182451694866
-3.90,1.19,127.99941237113339,149.0726069123894
-3.90,1.19,128.21799999999936,149.33338930783015
-3.90,1.19,128.43658762886534,149.5941717032709
-3.90,1.19,128.65517525773132,149.8549540987116
-3.90,1.19,128.8737628865973,150.11573649415234
-3.90,1.19,129.09235051546327,150.3765188895931
-3.90,1.19,129.31093814432924,150.63730128503383
-3.90,1.19,129.52952577319522,150.89808368047457
-3.90,1.19,129.7481134020612,151.1588660759153
-3.90,1.19,129.96670103092717,151.41964847135606
-3.90,1.19,130.18528865979314,151.6804308667968
-3.90,1.19,130.40387628865912,151.9412132622375
-3.90,1.19,130.6224639175251,152.20199565767825
-3.90,1.19,130.84105154639107,152.462778053119
-3.90,1.19,131.05963917525705,152.72356044855974
-3.90,1.19,131.27822680412302,152.98434284400048
-3.90,1.19,131.496814432989,153.24512523944122
-3.90,1.19,131.71540206185497,153.50590763488196
-3.90,1.19,131.93398969072095,153.7666900303227
-3.90,1.19,132.15257731958692,154.02747242576342
-3.90,1.19,132.3711649484529,154.28825482120416
-3.90,1.19,132.58975257731888,154.5490372166449
-3.90,1.19,132.80834020618485,154.80981961208565
-3.90,1.19,133.02692783505083,155.0706020075264
-3.90,1.19,133.2455154639168,155.33138440296713
-3.90,1.19,133.46410309278278,155.59216679840787
-3.90,1.19,133.68269072164875,155.85294919384862
-3.90,1.19,133.90127835051473,156.11373158928933
-3.90,1.19,134.1198659793807,156.37451398473007
-3.90,1.19,134.33845360824668,156.63529638017081
-3.90,1.19,134.55704123711266,156.89607877561156
-3.90,1.19,134.77562886597863,157.1568611710523
-3.90,1.19,134.9942164948446,157.41764356649304
-3.90,1.19,135.21280412371058,157.67842596193378
-3.90,1.19,135.43139175257656,157.9392083573745
-3.90,1.19,135.64997938144253,158.19999075281524
-3.90,1.19,135.8685670103085,158.46077314825598
-3.90,1.19,136.08715463917449,158.72155554369672
-3.90,1.19,136.30574226804046,158.98233793913747
-3.90,1.19,136.52432989690644,159.2431203345782
-3.90,1.19,136.7429175257724,159.50390273001895
-3.90,1.19,136.9615051546384,159.7646851254597
-3.90,1.19,137.18009278350436,160.0254675209004
-3.90,1.19,137.39868041237034,160.28624991634115
-3.90,1.19,137.61726804123631,160.5470323117819
-3.90,1.19,137.8358556701023,160.80781470722263
-3.90,1.19,138.05444329896827,161.06859710266338
-3.90,1.19,138.27303092783424,161.32937949810412
-3.90,1.19,138.49161855670022,161.59016189354486
-3.90,1.19,138.7102061855662,161.8509442889856
-3.90,1.19,138.92879381443217,162.11172668442632
-3.90,1.19,139.14738144329814,162.37250907986706
-3.90,1.19,139.36596907216412,162.6332914753078
-3.90,1.19,139.5845567010301,162.89407387074854
-3.90,1.19,139.80314432989607,163.15485626618928
-3.90,1.19,140.02173195876205,163.41563866163003
-3.90,1.19,140.24031958762802,163.67642105707077
-3.90,1.19,140.458907216494,163.9372034525115
-3.90,1.19,140.67749484535997,164.19798584795222
-3.90,1.19,140.89608247422595,164.45876824339297
-3.90,1.19,141.11467010309192,164.7195506388337
-3.90,1.19,141.3332577319579,164.98033303427445
-3.90,1.19,141.55184536082388,165.2411154297152
-3.90,1.19,141.77043298968985,165.50189782515594
-3.90,1.19,141.98902061855583,165.76268022059668
-3.90,1.19,142.2076082474218,166.0234626160374
-3.90,1.19,142.42619587628778,166.28424501147813
-3.90,1.19,142.64478350515375,166.54502740691888
-3.90,1.19,142.86337113401973,166.80580980235962
-3.90,1.19,143.0819587628857,167.06659219780036
-3.90,1.19,143.30054639175168,167.3273745932411
-3.90,1.19,143.51913402061766,167.58815698868185
-3.90,1.19,143.73772164948363,167.8489393841226
-3.90,1.19,143.9563092783496,168.1097217795633
-3.90,1.19,144.17489690721558,168.37050417500404
-3.90,1.19,144.39348453608156,168.6312865704448
-3.90,1.19,144.61207216494753,168.89206896588553
-3.90,1.19,144.8306597938135,169.15285136132627
-3.90,1.19,145.04924742267949,169.413633756767
-3.90,1.19,145.26783505154546,169.67441615220775
-3.90,1.19,145.48642268041144,169.9351985476485
-3.90,1.19,145.7050103092774,170.1959809430892
-3.90,1.19,145.9235979381434,170.45676333852995
-3.90,1.19,146.14218556700936,170.7175457339707
-3.90,1.19,146.36077319587534,170.97832812941144
-3.90,1.19,146.57936082474131,171.23911052485218
-3.90,1.19,146.7979484536073,171.49989292029292
-3.90,1.19,147.01653608247327,171.76067531573366
-3.90,1.19,147.23512371133924,172.0214577111744
-3.90,1.19,147.45371134020522,172.28224010661512
-3.90,1.19,147.6722989690712,172.54302250205586
-3.90,1.19,147.89088659793717,172.8038048974966
-3.90,1.19,148.10947422680314,173.06458729293735
-3.90,1.19,148.32806185566912,173.3253696883781
-3.90,1.19,148.5466494845351,173.58615208381883
-3.90,1.19,148.76523711340107,173.84693447925957
-3.90,1.19,148.98382474226705,174.1077168747003
-3.90,1.19,149.20241237113302,174.36849927014103
-3.90,1.19,149.420999999999,174.62928166558177
-3.90,1.19,149.63958762886497,174.8900640610225
-3.90,1.19,149.85817525773095,175.15084645646326
-3.90,1.19,150.07676288659692,175.411628851904
-3.90,1.19,150.2953505154629,175.67241124734474
-3.90,1.19,150.51393814432888,175.93319364278548
-3.90,1.19,150.73252577319485,176.1939760382262
-3.90,1.19,150.95111340206083,176.45475843366694
-3.90,1.19,151.1697010309268,176.71554082910768
-3.90,1.19,151.38828865979278,176.97632322454842
-3.90,1.19,151.60687628865875,177.23710561998917
-3.90,1.19,151.82546391752473,177.4978880154299
-3.90,1.19,152.0440515463907,177.75867041087065
-3.90,1.19,152.26263917525668,178.0194528063114
-3.90,1.19,152.48122680412266,178.2802352017521
-3.90,1.19,152.69981443298863,178.54101759719285
-3.90,1.19,152.9184020618546,178.8017999926336
-3.90,1.19,153.13698969072058,179.06258238807433
-3.90,1.19,153.35557731958656,179.32336478351507
-3.90,1.19,153.57416494845253,179.58414717895582
-3.90,1.19,153.7927525773185,179.84492957439656
-3.90,1.19,154.01134020618449,180.1057119698373
-3.90,1.19,154.22992783505046,180.36649436527802
-3.90,1.19,154.44851546391644,180.62727676071876
-3.90,1.19,154.6671030927824,180.8880591561595
-3.90,1.19,154.8856907216484,181.14884155160024
-3.90,1.19,155.10427835051436,181.40962394704098
-3.90,1.19,155.32286597938034,181.67040634248173
-3.90,1.19,155.54145360824631,181.93118873792247
-3.90,1.19,155.7600412371123,182.19197113336318
-3.90,1.19,155.97862886597827,182.45275352880392
-3.90,1.19,156.19721649484424,182.71353592424467
-3.90,1.19,156.41580412371022,182.9743183196854
-3.90,1.19,156.6343917525762,183.23510071512615
-3.90,1.19,156.85297938144217,183.4958831105669
-3.90,1.19,157.07156701030814,183.75666550600764
-3.90,1.19,157.29015463917412,184.01744790144838
-3.90,1.19,157.5087422680401,184.2782302968891
-3.90,1.19,157.72732989690607,184.53901269232983
-3.90,1.19,157.94591752577205,184.79979508777058
-3.90,1.19,158.16450515463802,185.06057748321132
-3.90,1.19,158.383092783504,185.32135987865206
-3.90,1.19,158.60168041236997,185.5821422740928
-3.90,1.19,158.82026804123595,185.84292466953355
-3.90,1.19,159.03885567010192,186.1037070649743
-3.90,1.19,159.2574432989679,186.364489460415
-3.90,1.19,159.47603092783388,186.62527185585574
-3.90,1.19,159.69461855669985,186.88605425129649
-3.90,1.19,159.91320618556583,187.14683664673723
-3.90,1.19,160.1317938144318,187.40761904217797
-3.90,1.19,160.35038144329778,187.6684014376187
-3.90,1.19,160.56896907216375,187.92918383305945
-3.90,1.19,160.78755670102973,188.1899662285002
-3.90,1.19,161.0061443298957,188.4507486239409
-3.90,1.19,161.22473195876168,188.71153101938165
-3.90,1.19,161.44331958762766,188.9723134148224
-3.90,1.19,161.66190721649363,189.23309581026314
-3.90,1.19,161.8804948453596,189.49387820570388
-3.90,1.19,162.09908247422558,189.75466060114462
-3.90,1.19,162.31767010309156,190.01544299658536
-3.90,1.19,162.53625773195753,190.27622539202608
-3.90,1.19,162.7548453608235,190.53700778746682
-3.90,1.19,162.97343298968948,190.79779018290756
-3.90,1.19,163.19202061855546,191.0585725783483
-3.90,1.19,163.41060824742144,191.31935497378905
-3.90,1.19,163.6291958762874,191.5801373692298
-3.90,1.19,163.8477835051534,191.84091976467053
-3.90,1.19,164.06637113401936,192.10170216011127
-3.90,1.19,164.28495876288534,192.362484555552
-3.90,1.19,164.5035463917513,192.62326695099273
-3.90,1.19,164.7221340206173,192.88404934643347
-3.90,1.19,164.94072164948327,193.1448317418742
-3.90,1.19,165.15930927834924,193.40561413731496
-3.90,1.19,165.37789690721522,193.6663965327557
-3.90,1.19,165.5964845360812,193.92717892819644
-3.90,1.19,165.81507216494717,194.18796132363718
-3.90,1.19,166.03365979381314,194.4487437190779
-3.90,1.19,166.25224742267912,194.70952611451864
-3.90,1.19,166.4708350515451,194.97030850995938
-3.90,1.19,166.68942268041107,195.23109090540012
-3.90,1.19,166.90801030927705,195.49187330084087
-3.90,1.19,167.12659793814302,195.7526556962816
-3.90,1.19,167.345185567009,196.01343809172235
-3.90,1.19,167.56377319587497,196.2742204871631
-3.90,1.19,167.78236082474095,196.5350028826038
-3.90,1.19,168.00094845360692,196.79578527804455
-3.90,1.19,168.2195360824729,197.0565676734853
-3.90,1.19,168.43812371133887,197.31735006892603
-3.90,1.19,168.65671134020485,197.57813246436677
-3.90,1.19,168.87529896907083,197.83891485980752
-3.90,1.19,169.0938865979368,198.09969725524826
-3.90,1.19,169.31247422680278,198.36047965068897
-3.90,1.19,169.53106185566875,198.62126204612971
-3.90,1.19,169.74964948453473,198.88204444157046
-3.90,1.19,169.9682371134007,199.1428268370112
-3.90,1.19,170.18682474226668,199.40360923245194
-3.90,1.19,170.40541237113266,199.66439162789268
-3.90,1.19,170.62399999999863,199.92517402333343
-3.90,1.19,170.8425876288646,200.18595641877417
-3.90,1.19,171.06117525773058,200.44673881421488
-3.90,1.19,171.27976288659656,200.70752120965562
-3.90,1.19,171.49835051546253,200.96830360509637
-3.90,1.19,171.7169381443285,201.2290860005371
-3.90,1.19,171.93552577319448,201.48986839597785
-3.90,1.19,172.15411340206046,201.7506507914186
-3.90,1.19,172.37270103092644,202.01143318685934
-3.90,1.19,172.5912886597924,202.27221558230008
-3.90,1.19,172.8098762886584,202.5329979777408
-3.90,1.19,173.02846391752436,202.79378037318153
-3.90,1.19,173.24705154639034,203.05456276862228
-3.90,1.19,173.4656391752563,203.31534516406302
-3.90,1.19,173.6842268041223,203.57612755950376
-3.90,1.19,173.90281443298827,203.8369099549445
-3.90,1.19,174.12140206185424,204.09769235038524
-3.90,1.19,174.33998969072022,204.358474745826
-3.90,1.19,174.5585773195862,204.6192571412667
-3.90,1.19,174.77716494845217,204.88003953670744
-3.90,1.19,174.99575257731814,205.14082193214819
-3.90,1.19,175.21434020618412,205.40160432758893
-3.90,1.19,175.4329278350501,205.66238672302967
-3.90,1.19,175.65151546391607,205.9231691184704
-3.90,1.19,175.87010309278205,206.18395151391115
-3.90,1.19,176.08869072164802,206.4447339093519
-3.90,1.19,176.307278350514,206.7055163047926
-3.90,1.19,176.52586597937997,206.96629870023335
-3.90,1.19,176.74445360824595,207.2270810956741
-3.90,1.19,176.96304123711192,207.48786349111484
-3.90,1.19,177.1816288659779,207.74864588655558
-3.90,1.19,177.40021649484387,208.00942828199632
-3.90,1.19,177.61880412370985,208.27021067743706
-3.90,1.19,177.83739175257583,208.53099307287778
-3.90,1.19,178.0559793814418,208.79177546831852
-3.90,1.19,178.27456701030778,209.05255786375926
-3.90,1.19,178.49315463917375,209.3133402592
-3.90,1.19,178.71174226803973,209.57412265464075
-3.90,1.19,178.9303298969057,209.8349050500815
-3.90,1.19,179.14891752577168,210.09568744552223
-3.90,1.19,179.36750515463766,210.35646984096297
-3.90,1.19,179.58609278350363,210.6172522364037
-3.90,1.19,179.8046804123696,210.87803463184443
-3.90,1.19,180.02326804123558,211.13881702728517
-3.90,1.19,180.24185567010156,211.3995994227259
-3.90,1.19,180.46044329896753,211.66038181816666
-3.90,1.19,180.6790309278335,211.9211642136074
-3.90,1.19,180.89761855669948,212.18194660904814
-3.90,1.19,181.11620618556546,212.44272900448888
-3.90,1.19,181.33479381443144,212.7035113999296
-3.90,1.19,181.5533814432974,212.96429379537034
-3.90,1.19,181.7719690721634,213.22507619081108
-3.90,1.19,181.99055670102936,213.48585858625182
-3.90,1.19,182.20914432989534,213.74664098169256
-3.90,1.19,182.4277319587613,214.0074233771333
-3.90,1.19,182.6463195876273,214.26820577257405
-3.90,1.19,182.86490721649326,214.5289881680148
-3.90,1.19,183.08349484535924,214.7897705634555
-3.90,1.19,183.30208247422522,215.05055295889625
-3.90,1.19,183.5206701030912,215.311335354337
-3.90,1.19,183.73925773195717,215.57211774977773
-3.90,1.19,183.95784536082314,215.83290014521847
-3.90,1.19,184.17643298968912,216.09368254065922
-3.90,1.19,184.3950206185551,216.35446493609996
-3.90,1.19,184.61360824742107,216.61524733154067
-3.90,1.19,184.83219587628705,216.87602972698141
-3.90,1.19,185.05078350515302,217.13681212242216
-3.90,1.19,185.269371134019,217.3975945178629
-3.90,1.19,185.48795876288497,217.65837691330364
-3.90,1.19,185.70654639175095,217.91915930874438
-3.90,1.19,185.92513402061692,218.17994170418513
-3.90,1.19,186.1437216494829,218.44072409962587
-3.90,1.19,186.36230927834887,218.70150649506658
-3.90,1.19,186.58089690721485,218.96228889050732
-3.90,1.19,186.79948453608083,219.22307128594807
-3.90,1.19,187.0180721649468,219.4838536813888
-3.90,1.19,187.23665979381278,219.74463607682955
-3.90,1.19,187.45524742267875,220.0054184722703
-3.90,1.19,187.67383505154473,220.26620086771104
-3.90,1.19,187.8924226804107,220.52698326315178
-3.90,1.19,188.11101030927668,220.7877656585925
-3.90,1.19,188.32959793814265,221.04854805403323
-3.90,1.19,188.54818556700863,221.30933044947398
-3.90,1.19,188.7667731958746,221.57011284491472
-3.90,1.19,188.98536082474058,221.83089524035546
-3.90,1.19,189.20394845360656,222.0916776357962
-3.90,1.19,189.42253608247253,222.35246003123694
-3.90,1.19,189.6411237113385,222.6132424266777
-3.90,1.19,189.85971134020448,222.8740248221184
-3.90,1.19,190.07829896907046,223.13480721755914
-3.90,1.19,190.29688659793644,223.39558961299988
-3.90,1.19,190.5154742268024,223.65637200844063
-3.90,1.19,190.7340618556684,223.91715440388137
-3.90,1.19,190.95264948453436,224.1779367993221
-3.90,1.19,191.17123711340034,224.43871919476285
-3.90,1.19,191.3898247422663,224.69950159020357
-3.90,1.19,191.6084123711323,224.9602839856443
-3.90,1.19,191.82699999999826,225.22106638108505
-3.90,1.19,192.04558762886424,225.4818487765258
-3.90,1.19,192.26417525773022,225.74263117196654
-3.90,1.19,192.4827628865962,226.00341356740728
-3.90,1.19,192.70135051546217,226.26419596284802
-3.90,1.19,192.91993814432814,226.52497835828876
-3.90,1.19,193.13852577319412,226.78576075372948
-3.90,1.19,193.3571134020601,227.04654314917022
-3.90,1.19,193.57570103092607,227.30732554461096
-3.90,1.19,193.79428865979204,227.5681079400517
-3.90,1.19,194.01287628865802,227.82889033549245
-3.90,1.19,194.231463917524,228.0896727309332
-3.90,1.19,194.45005154638997,228.35045512637393
-3.90,1.19,194.66863917525595,228.61123752181467
-3.90,1.19,194.88722680412192,228.8720199172554
-3.90,1.19,195.1058144329879,229.13280231269613
-3.90,1.19,195.32440206185387,229.39358470813687
-3.90,1.19,195.54298969071985,229.6543671035776
-3.90,1.19,195.76157731958583,229.91514949901836
-3.90,1.19,195.9801649484518,230.1759318944591
-3.90,1.19,196.19875257731778,230.43671428989984
-3.90,1.19,196.41734020618375,230.69749668534058
-3.90,1.19,196.63592783504973,230.9582790807813
-3.90,1.19,196.8545154639157,231.21906147622204
-3.90,1.19,197.07310309278168,231.47984387166278
-3.90,1.19,197.29169072164765,231.74062626710352
-3.90,1.19,197.51027835051363,232.00140866254426
-3.90,1.19,197.7288659793796,232.262191057985
-3.90,1.19,197.94745360824558,232.52297345342575
-3.90,1.19,198.16604123711156,232.78375584886646
-3.90,1.19,198.38462886597753,233.0445382443072
-3.90,1.19,198.6032164948435,233.30532063974795
-3.90,1.19,198.82180412370948,233.5661030351887
-3.90,1.19,199.04039175257546,233.82688543062943
-3.90,1.19,199.25897938144143,234.08766782607017
-3.90,1.19,199.4775670103074,234.34845022151092
-3.90,1.19,199.6961546391734,234.60923261695166
-3.90,1.19,199.91474226803936,234.87001501239237
-3.90,1.19,200.13332989690534,235.13079740783311
-3.90,1.19,200.3519175257713,235.39157980327386
-3.90,1.19,200.5705051546373,235.6523621987146
-3.90,1.19,200.78909278350326,235.91314459415534
-3.90,1.19,201.00768041236924,236.17392698959608
-3.90,1.19,201.22626804123522,236.43470938503683
-3.90,1.19,201.4448556701012,236.69549178047757
-3.90,1.19,201.66344329896717,236.95627417591828
-3.90,1.19,201.88203092783314,237.21705657135902
-3.90,1.19,202.10061855669912,237.47783896679977
-3.90,1.19,202.3192061855651,237.7386213622405
-3.90,1.19,202.53779381443107,237.99940375768125
-3.90,1.19,202.75638144329704,238.260186153122
-3.90,1.19,202.97496907216302,238.52096854856273
-3.90,1.19,203.193556701029,238.78175094400348
-3.90,1.19,203.41214432989497,239.0425333394442
-3.90,1.19,203.63073195876095,239.30331573488493
-3.90,1.19,203.84931958762692,239.56409813032568
-3.90,1.19,204.0679072164929,239.82488052576642
-3.90,1.19,204.28649484535887,240.08566292120716
-3.90,1.19,204.50508247422485,240.3464453166479
-3.90,1.19,204.72367010309083,240.60722771208864
-3.90,1.19,204.9422577319568,240.86801010752936
-3.90,1.19,205.16084536082278,241.1287925029701
-3.90,1.19,205.37943298968875,241.38957489841084
-3.90,1.19,205.59802061855473,241.65035729385158
-3.90,1.19,205.8166082474207,241.91113968929233
-3.90,1.19,206.03519587628668,242.17192208473307
-3.90,1.19,206.25378350515265,242.4327044801738
-3.90,1.19,206.47237113401863,242.69348687561455
-3.90,1.19,206.6909587628846,242.95426927105527
-3.90,1.19,206.90954639175058,243.215051666496
-3.90,1.19,207.12813402061656,243.47583406193675
-3.90,1.19,207.34672164948253,243.7366164573775
-3.90,1.19,207.5653092783485,243.99739885281824
-3.90,1.19,207.78389690721448,244.25818124825898
-3.90,1.19,208.00248453608046,244.51896364369972
-3.90,1.19,208.22107216494643,244.77974603914046
-3.90,1.19,208.4396597938124,245.04052843458118
-3.90,1.19,208.6582474226784,245.30131083002192
-3.90,1.19,208.87683505154436,245.56209322546266
-3.90,1.19,209.09542268041034,245.8228756209034
-3.90,1.19,209.3140103092763,246.08365801634415
-3.90,1.19,209.5325979381423,246.3444404117849
-3.90,1.19,209.75118556700826,246.60522280722563
-3.90,1.19,209.96977319587424,246.86600520266637
-3.90,1.19,210.18836082474022,247.1267875981071
-3.90,1.19,210.4069484536062,247.38756999354783
-3.90,1.19,210.62553608247217,247.64835238898857
-3.90,1.19,210.84412371133814,247.9091347844293
-3.90,1.19,211.06271134020412,248.16991717987005
-3.90,1.19,211.2812989690701,248.4306995753108
-3.90,1.19,211.49988659793607,248.69148197075154
-3.90,1.19,211.71847422680204,248.95226436619225
-3.90,1.19,211.93706185566802,249.213046761633
-3.90,1.19,212.155649484534,249.47382915707374
-3.90,1.19,212.37423711339997,249.73461155251448
-3.90,1.19,212.59282474226595,249.99539394795522
-3.90,1.19,212.81141237113192,250.25617634339596
-3.90,1.19,213.0299999999979,250.5169587388367
-3.90,1.19,213.24858762886387,250.77774113427745
-3.90,1.19,213.46717525772985,251.03852352971816
-3.90,1.19,213.68576288659582,251.2993059251589
-3.90,1.19,213.9043505154618,251.56008832059965
-3.90,1.19,214.12293814432778,251.8208707160404
-3.90,1.19,214.34152577319375,252.08165311148113
-3.90,1.19,214.56011340205973,252.34243550692187
-3.90,1.19,214.7787010309257,252.60321790236262
-3.90,1.19,214.99728865979168,252.86400029780336
-3.90,1.19,215.21587628865765,253.12478269324407
-3.90,1.19,215.43446391752363,253.3855650886848
-3.90,1.19,215.6530515463896,253.64634748412556
-3.90,1.19,215.87163917525558,253.9071298795663
-3.90,1.19,216.09022680412156,254.16791227500704
-3.90,1.19,216.30881443298753,254.42869467044778
-3.90,1.19,216.5274020618535,254.68947706588852
-3.90,1.19,216.74598969071948,254.95025946132927
-3.90,1.19,216.96457731958546,255.21104185676998
-3.90,1.19,217.18316494845143,255.47182425221072
-3.90,1.19,217.4017525773174,255.73260664765147
-3.90,1.19,217.62034020618339,255.9933890430922
-3.90,1.19,217.83892783504936,256.2541714385329
-3.90,1.19,218.05751546391534,256.51495383397366
-3.90,1.19,218.2761030927813,256.7757362294144
-3.90,1.19,218.4946907216473,257.03651862485515
-3.90,1.19,218.71327835051326,257.2973010202959
-3.90,1.19,218.93186597937924,257.55808341573663
-3.90,1.19,219.15045360824521,257.8188658111774
-3.90,1.19,219.3690412371112,258.0796482066181
-3.90,1.19,219.58762886597717,258.34043060205886
-3.90,1.19,219.80621649484314,258.6012129974996
-3.90,1.19,220.02480412370912,258.86199539294034
-3.90,1.19,220.2433917525751,259.1227777883811
-3.90,1.19,220.46197938144107,259.3835601838218
-3.90,1.19,220.68056701030704,259.64434257926257
-3.90,1.19,220.89915463917302,259.9051249747033
-3.90,1.19,221.117742268039,260.165907370144
-3.90,1.19,221.33632989690497,260.42668976558474
-3.90,1.19,221.55491752577095,260.6874721610255
-3.90,1.19,221.77350515463692,260.9482545564662
-3.90,1.19,221.9920927835029,261.20903695190697
-3.90,1.19,222.21068041236887,261.4698193473477
-3.90,1.19,222.42926804123485,261.73060174278845
-3.90,1.19,222.64785567010082,261.9913841382292
-3.90,1.19,222.8664432989668,262.25216653366994
-3.90,1.19,223.08503092783278,262.5129489291107
-3.90,1.19,223.30361855669875,262.7737313245514
-3.90,1.19,223.52220618556473,263.03451371999216
-3.90,1.19,223.7407938144307,263.2952961154329
-3.90,1.19,223.95938144329668,263.55607851087365
-3.90,1.19,224.17796907216265,263.8168609063144
-3.90,1.19,224.39655670102863,264.07764330175513
-3.90,1.19,224.6151443298946,264.3384256971958
-3.90,1.19,224.83373195876058,264.59920809263656
-3.90,1.19,225.05231958762656,264.8599904880773
-3.90,1.19,225.27090721649253,265.12077288351804
-3.90,1.19,225.4894948453585,265.3815552789588
-3.90,1.19,225.70808247422448,265.6423376743995
-3.90,1.19,225.92667010309046,265.90312006984027
-3.90,1.19,226.14525773195643,266.163902465281
-3.90,1.19,226.3638453608224,266.42468486072175
-3.90,1.19,226.58243298968839,266.6854672561625
-3.90,1.19,226.80102061855436,266.94624965160324
-3.90,1.19,227.01960824742034,267.207032047044
-3.90,1.19,227.2381958762863,267.4678144424847
-3.90,1.19,227.4567835051523,267.72859683792547
-3.90,1.19,227.67537113401826,267.9893792333662
-3.90,1.19,227.89395876288424,268.2501616288069
-3.90,1.19,228.11254639175021,268.51094402424764
-3.90,1.19,228.3311340206162,268.7717264196884
-3.90,1.19,228.54972164948217,269.0325088151291
-3.90,1.19,228.76830927834814,269.29329121056986
-3.90,1.19,228.98689690721412,269.5540736060106
-3.90,1.19,229.2054845360801,269.81485600145135
-3.90,1.19,229.42407216494607,270.0756383968921
-3.90,1.19,229.64265979381204,270.33642079233283
-3.90,1.19,229.86124742267802,270.5972031877736
-3.90,1.19,230.079835051544,270.8579855832143
-3.90,1.19,230.29842268040997,271.11876797865506
-3.90,1.19,230.51701030927595,271.3795503740958
-3.90,1.19,230.73559793814192,271.64033276953654
-3.90,1.19,230.9541855670079,271.9011151649773
-3.90,1.19,231.17277319587387,272.161897560418
-3.90,1.19,231.39136082473985,272.4226799558587
-3.90,1.19,231.60994845360582,272.68346235129945
-3.90,1.19,231.8285360824718,272.9442447467402
-3.90,1.19,232.04712371133778,273.20502714218094
-3.90,1.19,232.26571134020375,273.4658095376217
-3.90,1.19,232.48429896906973,273.7265919330624
-3.90,1.19,232.7028865979357,273.98737432850317
-3.90,1.19,232.92147422680168,274.2481567239439
-3.90,1.19,233.14006185566765,274.50893911938465
-3.90,1.19,233.35864948453363,274.7697215148254
-3.90,1.19,233.5772371133996,275.03050391026613
-3.90,1.19,233.79582474226558,275.2912863057069
-3.90,1.19,234.01441237113156,275.5520687011476
-3.90,1.19,234.23299999999753,275.81285109658836
-3.90,1.19,234.4515876288635,276.0736334920291
-3.90,1.19,234.67017525772948,276.3344158874698
-3.90,1.19,234.88876288659546,276.59519828291053
-3.90,1.19,235.10735051546143,276.8559806783513
-3.90,1.19,235.3259381443274,277.116763073792
-3.90,1.19,235.54452577319339,277.37754546923276
-3.90,1.19,235.76311340205936,277.6383278646735
-3.90,1.19,235.98170103092534,277.89911026011424
-3.90,1.19,236.2002886597913,278.159892655555
-3.90,1.19,236.4188762886573,278.4206750509957
-3.90,1.19,236.63746391752326,278.68145744643647
-3.90,1.19,236.85605154638924,278.9422398418772
-3.90,1.19,237.07463917525521,279.20302223731795
-3.90,1.19,237.2932268041212,279.4638046327587
-3.90,1.19,237.51181443298717,279.72458702819944
-3.90,1.19,237.73040206185314,279.9853694236402
-3.90,1.19,237.94898969071912,280.2461518190809
-3.90,1.19,238.1675773195851,280.5069342145216
-3.90,1.19,238.38616494845107,280.76771660996235
-3.90,1.19,238.60475257731704,281.0284990054031
-3.90,1.19,238.82334020618302,281.28928140084383
-3.90,1.19,239.041927835049,281.5500637962846
-3.90,1.19,239.26051546391497,281.8108461917253
-3.90,1.19,239.47910309278095,282.07162858716606
-3.90,1.19,239.69769072164692,282.3324109826068
-3.90,1.19,239.9162783505129,282.59319337804754
-3.90,1.19,240.13486597937887,282.8539757734883
-3.90,1.19,240.35345360824485,283.11475816892903
-3.90,1.19,240.57204123711082,283.37554056436977
-3.90,1.19,240.7906288659768,283.6363229598105
-3.90,1.19,241.00921649484278,283.89710535525126
-3.90,1.19,241.22780412370875,284.157887750692
-3.90,1.19,241.44639175257473,284.4186701461327
-3.90,1.19,241.6649793814407,284.6794525415734
-3.90,1.19,241.88356701030668,284.94023493701417
-3.90,1.19,242.10215463917265,285.2010173324549
-3.90,1.19,242.32074226803863,285.46179972789565
-3.90,1.19,242.5393298969046,285.7225821233364
-3.90,1.19,242.75791752577058,285.98336451877714
-3.90,1.19,242.97650515463656,286.2441469142179
-3.90,1.19,243.19509278350253,286.5049293096586
-3.90,1.19,243.4136804123685,286.76571170509936
-3.90,1.19,243.63226804123448,287.0264941005401
-3.90,1.19,243.85085567010046,287.28727649598085
-3.90,1.19,244.06944329896643,287.5480588914216
-3.90,1.19,244.2880309278324,287.80884128686233
-3.90,1.19,244.50661855669838,288.0696236823031
-3.90,1.19,244.72520618556436,288.3304060777438
-3.90,1.19,244.94379381443034,288.5911884731845
-3.90,1.19,245.1623814432963,288.85197086862524
-3.90,1.19,245.3809690721623,289.112753264066
-3.90,1.19,245.59955670102826,289.37353565950673
-3.90,1.19,245.81814432989424,289.63431805494747
-3.90,1.19,246.0367319587602,289.8951004503882
-3.90,1.19,246.2553195876262,290.15588284582896
-3.90,1.19,246.47390721649217,290.4166652412697
-3.90,1.19,246.69249484535814,290.67744763671044
-3.90,1.19,246.91108247422412,290.9382300321512
-3.90,1.19,247.1296701030901,291.1990124275919
-3.90,1.19,247.34825773195607,291.45979482303267
-3.90,1.19,247.56684536082204,291.7205772184734
-3.90,1.19,247.78543298968802,291.98135961391415
-3.90,1.19,248.004020618554,292.2421420093549
-3.90,1.19,248.22260824741997,292.5029244047956
-3.90,1.19,248.44119587628595,292.7637068002363
-3.90,1.19,248.65978350515192,293.02448919567706
-3.90,1.19,248.8783711340179,293.2852715911178
-3.90,1.19,249.09695876288387,293.54605398655855
-3.90,1.19,249.31554639174985,293.8068363819993
-3.90,1.19,249.53413402061582,294.06761877744003
-3.90,1.19,249.7527216494818,294.3284011728808
-3.90,1.19,249.97130927834777,294.5891835683215
-3.90,1.19,250.18989690721375,294.84996596376226
-3.90,1.19,250.40848453607973,295.110748359203
-3.90,1.19,250.6270721649457,295.37153075464374
-3.90,1.19,250.84565979381168,295.6323131500845
-3.90,1.19,251.06424742267765,295.8930955455252
-3.90,1.19,251.28283505154363,296.15387794096597
-3.90,1.19,251.5014226804096,296.4146603364067
-3.90,1.19,251.72001030927558,296.6754427318474
-3.90,1.19,251.93859793814156,296.93622512728814
-3.90,1.19,252.15718556700753,297.1970075227289
-3.90,1.19,252.3757731958735,297.4577899181696
-3.90,1.19,252.59436082473948,297.71857231361037
-3.90,1.19,252.81294845360546,297.9793547090511
-3.90,1.19,253.03153608247143,298.24013710449185
-3.90,1.19,253.2501237113374,298.5009194999326
-3.90,1.19,253.46871134020338,298.76170189537333
-3.90,1.19,253.68729896906936,299.0224842908141
-3.90,1.19,253.90588659793534,299.2832666862548
-3.90,1.19,254.1244742268013,299.54404908169556
-3.90,1.19,254.3430618556673,299.8048314771363
-3.90,1.19,254.56164948453326,300.06561387257705
-3.90,1.19,254.78023711339924,300.3263962680178
-3.90,1.19,254.9988247422652,300.5871786634585
-3.90,1.19,255.2174123711312,300.8479610588992
-3.90,1.19,255.43599999999716,301.10874345433996
-3.90,1.19,255.65458762886314,301.3695258497807
-3.90,1.19,255.87317525772912,301.6303082452215
-3.90,1.19,256.0917628865951,301.89109064066224
-3.90,1.19,256.3103505154611,302.151873036103
-3.90,1.19,256.52893814432707,302.4126554315437
-3.90,1.19,256.74752577319305,302.67343782698447
-3.90,1.19,256.966113402059,302.93422022242515
-3.90,1.19,257.184701030925,303.1950026178659
-3.90,1.19,257.403288659791,303.45578501330664
-3.90,1.19,257.62187628865695,303.7165674087474
-3.90,1.19,257.8404639175229,303.9773498041881
-3.90,1.19,258.0590515463889,304.23813219962886
-3.90,1.19,258.2776391752549,304.4989145950696
-3.90,1.19,258.49622680412085,304.75969699051035
-3.90,1.19,258.7148144329868,305.0204793859511
-3.90,1.19,258.9334020618528,305.28126178139183
-3.90,1.19,259.1519896907188,305.5420441768326
-3.90,1.19,259.37057731958475,305.8028265722733
-3.90,1.19,259.58916494845073,306.06360896771406
-3.90,1.19,259.8077525773167,306.3243913631548
-3.90,1.19,260.0263402061827,306.58517375859554
-3.90,1.19,260.24492783504866,306.8459561540363
-3.90,1.19,260.46351546391463,307.106738549477
-3.90,1.19,260.6821030927806,307.3675209449177
-3.90,1.19,260.9006907216466,307.62830334035846
-3.90,1.19,261.11927835051256,307.8890857357992
-3.90,1.19,261.33786597937853,308.14986813123994
-3.90,1.19,261.5564536082445,308.4106505266807
-3.90,1.19,261.7750412371105,308.6714329221214
-3.90,1.19,261.99362886597646,308.93221531756217
-3.90,1.19,262.21221649484244,309.1929977130029
-3.90,1.19,262.4308041237084,309.45378010844365
-3.90,1.19,262.6493917525744,309.7145625038844
-3.90,1.19,262.86797938144036,309.97534489932514
-3.90,1.19,263.08656701030634,310.2361272947659
-3.90,1.19,263.3051546391723,310.4969096902066
-3.90,1.19,263.5237422680383,310.75769208564736
-3.90,1.19,263.74232989690427,311.01847448108805
-3.90,1.19,263.96091752577024,311.2792568765288
-3.90,1.19,264.1795051546362,311.54003927196953
-3.90,1.19,264.3980927835022,311.8008216674103
-3.90,1.19,264.61668041236817,312.061604062851
-3.90,1.19,264.83526804123414,312.32238645829176
-3.90,1.19,265.0538556701001,312.5831688537325
-3.90,1.19,265.2724432989661,312.84395124917324
-3.90,1.19,265.49103092783207,313.104733644614
-3.90,1.19,265.70961855669805,313.36551604005473
-3.90,1.19,265.928206185564,313.62629843549547
-3.90,1.19,266.14679381443,313.8870808309362
-3.90,1.19,266.365381443296,314.14786322637696
-3.90,1.19,266.58396907216195,314.4086456218177
-3.90,1.19,266.8025567010279,314.66942801725844
-3.90,1.19,267.0211443298939,314.9302104126992
-3.90,1.19,267.2397319587599,315.19099280813987
-3.90,1.19,267.45831958762585,315.4517752035806
-3.90,1.19,267.6769072164918,315.71255759902135
-3.90,1.19,267.8954948453578,315.9733399944621
-3.90,1.19,268.1140824742238,316.23412238990284
-3.90,1.19,268.33267010308975,316.4949047853436
-3.90,1.19,268.55125773195573,316.7556871807843
-3.90,1.19,268.7698453608217,317.01646957622506
-3.90,1.19,268.9884329896877,317.2772519716658
-3.90,1.19,269.20702061855366,317.53803436710655
-3.90,1.19,269.42560824741963,317.7988167625473
-3.90,1.19,269.6441958762856,318.05959915798803
-3.90,1.19,269.8627835051516,318.3203815534288
-3.90,1.19,270.08137113401756,318.5811639488695
-3.90,1.19,270.29995876288353,318.84194634431026
-3.90,1.19,270.5185463917495,319.10272873975094
-3.90,1.19,270.7371340206155,319.3635111351917
-3.90,1.19,270.95572164948146,319.62429353063243
-3.90,1.19,271.17430927834744,319.88507592607317
-3.90,1.19,271.3928969072134,320.1458583215139
-3.90,1.19,271.6114845360794,320.40664071695466
-3.90,1.19,271.83007216494536,320.6674231123954
-3.90,1.19,272.04865979381134,320.92820550783614
-3.90,1.19,272.2672474226773,321.1889879032769
-3.90,1.19,272.4858350515433,321.4497702987176
-3.90,1.19,272.70442268040927,321.71055269415837
-3.90,1.19,272.92301030927524,321.9713350895991
-3.90,1.19,273.1415979381412,322.23211748503985
-3.90,1.19,273.3601855670072,322.4928998804806
-3.90,1.19,273.57877319587317,322.75368227592134
-3.90,1.19,273.79736082473914,323.0144646713621
-3.90,1.19,274.0159484536051,323.27524706680276
-3.90,1.19,274.2345360824711,323.5360294622435
-3.90,1.19,274.45312371133707,323.79681185768425
-3.90,1.19,274.67171134020305,324.057594253125
-3.90,1.19,274.890298969069,324.31837664856573
-3.90,1.19,275.108886597935,324.5791590440065
-3.90,1.19,275.327474226801,324.8399414394472
-3.90,1.19,275.54606185566695,325.10072383488796
-3.90,1.19,275.7646494845329,325.3615062303287
-3.90,1.19,275.9832371133989,325.62228862576944
-3.90,1.19,276.2018247422649,325.8830710212102
-3.90,1.19,276.42041237113085,326.1438534166509
-3.90,1.19,276.6389999999968,326.40463581209167
-3.90,1.19,276.8575876288628,326.6654182075324
-3.90,1.19,277.0761752577288,326.92620060297315
-3.90,1.19,277.29476288659475,327.18698299841384
-3.90,1.19,277.51335051546073,327.4477653938546
-3.90,1.19,277.7319381443267,327.7085477892953
-3.90,1.19,277.9505257731927,327.96933018473607
-3.90,1.19,278.16911340205866,328.2301125801768
-3.90,1.19,278.38770103092463,328.49089497561755
-3.90,1.19,278.6062886597906,328.7516773710583
-3.90,1.19,278.8248762886566,329.01245976649903
-3.90,1.19,279.04346391752256,329.2732421619398
-3.90,1.19,279.26205154638853,329.5340245573805
-3.90,1.19,279.4806391752545,329.79480695282126
-3.90,1.19,279.6992268041205,330.055589348262
-3.90,1.19,279.91781443298646,330.31637174370275
-3.90,1.19,280.13640206185244,330.5771541391435
-3.90,1.19,280.3549896907184,330.83793653458423
-3.90,1.19,280.5735773195844,331.098718930025
-3.90,1.19,280.79216494845036,331.35950132546566
-3.90,1.19,281.01075257731634,331.6202837209064
-3.90,1.19,281.2293402061823,331.88106611634714
-3.90,1.19,281.4479278350483,332.1418485117879
-3.90,1.19,281.66651546391427,332.4026309072286
-3.90,1.19,281.88510309278024,332.66341330266937
-3.90,1.19,282.1036907216462,332.9241956981101
-3.90,1.19,282.3222783505122,333.18497809355085
-3.90,1.19,282.54086597937817,333.4457604889916
-3.90,1.19,282.75945360824414,333.70654288443234
-3.90,1.19,282.9780412371101,333.9673252798731
-3.90,1.19,283.1966288659761,334.2281076753138
-3.90,1.19,283.41521649484207,334.48889007075456
-3.90,1.19,283.63380412370805,334.7496724661953
-3.90,1.19,283.852391752574,335.01045486163605
-3.90,1.19,284.07097938144,335.27123725707673
-3.90,1.19,284.289567010306,335.5320196525175
-3.90,1.19,284.50815463917195,335.7928020479582
-3.90,1.19,284.7267422680379,336.05358444339896
-3.90,1.19,284.9453298969039,336.3143668388397
-3.90,1.19,285.1639175257699,336.57514923428045
-3.90,1.19,285.38250515463585,336.8359316297212
-3.90,1.19,285.6010927835018,337.09671402516193
-3.90,1.19,285.8196804123678,337.3574964206027
-3.90,1.19,286.0382680412338,337.6182788160434
-3.90,1.19,286.25685567009975,337.87906121148416
-3.90,1.19,286.47544329896573,338.1398436069249
-3.90,1.19,286.6940309278317,338.40062600236564
-3.90,1.19,286.9126185566977,338.6614083978064
-3.90,1.19,287.13120618556366,338.9221907932471
-3.90,1.19,287.34979381442963,339.18297318868787
-3.90,1.19,287.5683814432956,339.44375558412855
-3.90,1.19,287.7869690721616,339.7045379795693
-3.90,1.19,288.00555670102756,339.96532037501004
-3.90,1.19,288.22414432989353,340.2261027704508
-3.90,1.19,288.4427319587595,340.4868851658915
-3.90,1.19,288.6613195876255,340.74766756133226
-3.90,1.19,288.87990721649146,341.008449956773
-3.90,1.19,289.09849484535744,341.26923235221375
-3.90,1.19,289.3170824742234,341.5300147476545
-3.90,1.19,289.5356701030894,341.79079714309523
-3.90,1.19,289.75425773195536,342.051579538536
-3.90,1.19,289.97284536082134,342.3123619339767
-3.90,1.19,290.1914329896873,342.57314432941746
-3.90,1.19,290.4100206185533,342.8339267248582
-3.90,1.19,290.62860824741927,343.09470912029894
-3.90,1.19,290.84719587628524,343.35549151573963
-3.90,1.19,291.0657835051512,343.6162739111804
-3.90,1.19,291.2843711340172,343.8770563066211
-3.90,1.19,291.50295876288317,344.13783870206186
-3.90,1.19,291.72154639174914,344.3986210975026
-3.90,1.19,291.9401340206151,344.65940349294334
-3.90,1.19,292.1587216494811,344.9201858883841
-3.90,1.19,292.37730927834707,345.1809682838248
-3.90,1.19,292.59589690721305,345.44175067926557
-3.90,1.19,292.814484536079,345.7025330747063
-3.90,1.19,293.033072164945,345.96331547014705
-3.90,1.19,293.251659793811,346.2240978655878
-3.90,1.19,293.47024742267695,346.48488026102854
-3.90,1.19,293.6888350515429,346.7456626564693
-3.90,1.19,293.9074226804089,347.00644505191
-3.90,1.19,294.1260103092749,347.26722744735076
-3.90,1.19,294.34459793814085,347.52800984279145
-3.90,1.19,294.5631855670068,347.7887922382322
-3.90,1.19,294.7817731958728,348.04957463367293
-3.90,1.19,295.0003608247388,348.3103570291137
-3.90,1.19,295.21894845360475,348.5711394245544
-3.90,1.19,295.43753608247073,348.83192181999516
-3.90,1.19,295.6561237113367,349.0927042154359
-3.90,1.19,295.8747113402027,349.35348661087664
-3.90,1.19,296.09329896906866,349.6142690063174
-3.90,1.19,296.31188659793463,349.8750514017581
-3.90,1.19,296.5304742268006,350.13583379719887
-3.90,1.19,296.7490618556666,350.3966161926396
-3.90,1.19,296.96764948453256,350.65739858808035
-3.90,1.19,297.18623711339853,350.9181809835211
-3.90,1.19,297.4048247422645,351.17896337896184
-3.90,1.19,297.6234123711305,351.4397457744025
-3.90,1.19,297.84199999999646,351.70052816984327
-3.90,1.19,298.06058762886244,351.961310565284
-3.90,1.19,298.2791752577284,352.22209296072475
-3.90,1.19,298.4977628865944,352.4828753561655
-3.90,1.19,298.71635051546036,352.74365775160624
-3.90,1.19,298.93493814432634,353.004440147047
-3.90,1.19,299.1535257731923,353.2652225424877
-3.90,1.19,299.3721134020583,353.52600493792846
-3.90,1.19,299.59070103092427,353.7867873333692
-3.90,1.19,299.80928865979024,354.04756972880995
-3.90,1.19,300.0278762886562,354.3083521242507
-3.90,1.19,300.2464639175222,354.56913451969143
-3.90,1.19,300.46505154638817,354.8299169151322
-3.90,1.19,300.68363917525414,355.0906993105729
-3.90,1.19,300.9022268041201,355.35148170601366
-3.90,1.19,301.1208144329861,355.61226410145434
-3.90,1.19,301.33940206185207,355.8730464968951
-3.90,1.19,301.55798969071805,356.1338288923358
-3.90,1.19,301.776577319584,356.39461128777657
-3.90,1.19,301.99516494845,356.6553936832173
-3.90,1.19,302.213752577316,356.91617607865805
-3.90,1.19,302.43234020618195,357.1769584740988
-3.90,1.19,302.6509278350479,357.43774086953954
-3.90,1.19,302.8695154639139,357.6985232649803
-3.90,1.19,303.0881030927799,357.959305660421
-3.90,1.19,303.30669072164585,358.22008805586177
-3.90,1.19,303.5252783505118,358.4808704513025
-3.90,1.19,303.7438659793778,358.74165284674325
-3.90,1.19,303.9624536082438,359.002435242184
-3.90,1.19,304.18104123710975,359.26321763762473
-3.90,1.19,304.3996288659757,359.5240000330654
-3.90,1.19,304.6182164948417,359.78478242850616
-3.90,1.19,304.8368041237077,360.0455648239469
-3.90,1.19,305.05539175257366,360.30634721938765
-3.90,1.19,305.27397938143963,360.5671296148284
-3.90,1.19,305.4925670103056,360.82791201026913
-3.90,1.19,305.7111546391716,361.0886944057099
-3.90,1.19,305.92974226803756,361.3494768011506
-3.90,1.19,306.14832989690353,361.61025919659136
-3.90,1.19,306.3669175257695,361.8710415920321
-3.90,1.19,306.5855051546355,362.13182398747284
-3.90,1.19,306.80409278350146,362.3926063829136
-3.90,1.19,307.02268041236744,362.6533887783543
-3.90,1.19,307.2412680412334,362.91417117379507
-3.90,1.19,307.4598556700994,363.1749535692358
-3.90,1.19,307.67844329896536,363.43573596467655
-3.90,1.19,307.89703092783134,363.69651836011724
-3.90,1.19,308.1156185566973,363.957300755558
-3.90,1.19,308.3342061855633,364.2180831509987
-3.90,1.19,308.55279381442926,364.47886554643947
-3.90,1.19,308.77138144329524,364.7396479418802
-3.90,1.19,308.9899690721612,365.00043033732095
-3.90,1.19,309.2085567010272,365.2612127327617
-3.90,1.19,309.42714432989317,365.52199512820243
-3.90,1.19,309.64573195875914,365.7827775236432
-3.90,1.19,309.8643195876251,366.0435599190839
-3.90,1.19,310.0829072164911,366.30434231452466
-3.90,1.19,310.30149484535707,366.5651247099654
-3.90,1.19,310.52008247422305,366.82590710540615
-3.90,1.19,310.738670103089,367.0866895008469
-3.90,1.19,310.957257731955,367.34747189628763
-3.90,1.19,311.175845360821,367.6082542917284
-3.90,1.19,311.39443298968695,367.86903668716906
-3.90,1.19,311.6130206185529,368.1298190826098
-3.90,1.19,311.8316082474189,368.39060147805054
-3.90,1.19,312.0501958762849,368.6513838734913
-3.90,1.19,312.26878350515085,368.912166268932
-3.90,1.19,312.4873711340168,369.17294866437277
-3.90,1.19,312.7059587628828,369.4337310598135
-3.90,1.19,312.9245463917488,369.69451345525425
-3.90,1.19,313.14313402061475,369.955295850695
-3.90,1.19,313.3617216494807,370.21607824613574
-3.90,1.19,313.5803092783467,370.4768606415765
-3.90,1.19,313.7988969072127,370.7376430370172
-3.90,1.19,314.01748453607865,370.99842543245796
-3.90,1.19,314.23607216494463,371.2592078278987
-3.90,1.19,314.4546597938106,371.51999022333945
-3.90,1.19,314.6732474226766,371.78077261878013
-3.90,1.19,314.89183505154256,372.0415550142209
-3.90,1.19,315.11042268040853,372.3023374096616
-3.90,1.19,315.3290103092745,372.56311980510236
-3.90,1.19,315.5475979381405,372.8239022005431
-3.90,1.19,315.76618556700646,373.08468459598384
-3.90,1.19,315.98477319587244,373.3454669914246
-3.90,1.19,316.2033608247384,373.60624938686533
-3.90,1.19,316.4219484536044,373.86703178230607
-3.90,1.19,316.64053608247036,374.1278141777468
-3.90,1.19,316.85912371133634,374.38859657318756
-3.90,1.19,317.0777113402023,374.6493789686283
-3.90,1.19,317.2962989690683,374.91016136406904
-3.90,1.19,317.51488659793426,375.1709437595098
-3.90,1.19,317.73347422680024,375.4317261549505
-3.90,1.19,317.9520618556662,375.69250855039127
-3.90,1.19,318.1706494845322,375.95329094583195
-3.90,1.19,318.38923711339817,376.2140733412727
-3.90,1.19,318.60782474226414,376.47485573671344
-3.90,1.19,318.8264123711301,376.7356381321542
-3.90,1.19,319.0449999999961,376.9964205275949
-3.90,1.19,319.26358762886207,377.25720292303566
-3.90,1.19,319.48217525772804,377.5179853184764
-3.90,1.19,319.700762886594,377.77876771391715
-3.90,1.19,319.91935051546,378.0395501093579
-3.90,1.19,320.137938144326,378.30033250479863
-3.90,1.19,320.35652577319195,378.5611149002394
-3.90,1.19,320.5751134020579,378.8218972956801
-3.90,1.19,320.7937010309239,379.08267969112086
-3.90,1.19,321.0122886597899,379.3434620865616
-3.90,1.19,321.23087628865585,379.60424448200234
-3.90,1.19,321.4494639175218,379.86502687744303
-3.90,1.19,321.6680515463878,380.12580927288377
-3.90,1.19,321.8866391752538,380.3865916683245
-3.90,1.19,322.10522680411975,380.64737406376526
-3.90,1.19,322.3238144329857,380.908156459206
-3.90,1.19,322.5424020618517,381.16893885464674
-3.90,1.19,322.7609896907177,381.4297212500875
-3.90,1.19,322.97957731958365,381.6905036455282
-3.90,1.19,323.19816494844963,381.95128604096897
-3.90,1.19,323.4167525773156,382.2120684364097
-3.90,1.19,323.6353402061816,382.47285083185045
-3.90,1.19,323.85392783504756,382.7336332272912
-3.90,1.19,324.07251546391353,382.99441562273194
-3.90,1.19,324.2911030927795,383.2551980181727
-3.90,1.19,324.5096907216455,383.5159804136134
-3.90,1.19,324.72827835051146,383.77676280905416
-3.90,1.19,324.94686597937743,384.03754520449485
-3.90,1.19,325.1654536082434,384.2983275999356
-3.90,1.19,325.3840412371094,384.55910999537633
-3.90,1.19,325.60262886597536,384.8198923908171
-3.90,1.19,325.82121649484134,385.0806747862578
-3.90,1.19,326.0398041237073,385.34145718169856
-3.90,1.19,326.2583917525733,385.6022395771393
-3.90,1.19,326.47697938143926,385.86302197258004
-3.90,1.19,326.69556701030524,386.1238043680208
-3.90,1.19,326.9141546391712,386.3845867634615
-3.90,1.19,327.1327422680372,386.64536915890227
-3.90,1.19,327.35132989690317,386.906151554343
-3.90,1.19,327.56991752576914,387.16693394978375
-3.90,1.19,327.7885051546351,387.4277163452245
-3.90,1.19,328.0070927835011,387.68849874066524
-3.90,1.19,328.22568041236707,387.9492811361059
-3.90,1.19,328.44426804123304,388.21006353154667
-3.90,1.19,328.662855670099,388.4708459269874
-3.90,1.19,328.881443298965,388.73162832242815
-3.90,1.19,329.10003092783097,388.9924107178689
-3.90,1.19,329.31861855669695,389.25319311330964
-3.90,1.19,329.5372061855629,389.5139755087504
-3.90,1.19,329.7557938144289,389.7747579041911
-3.90,1.19,329.9743814432949,390.03554029963186
-3.90,1.19,330.19296907216085,390.2963226950726
-3.90,1.19,330.4115567010268,390.55710509051335
-3.90,1.19,330.6301443298928,390.8178874859541
-3.90,1.19,330.8487319587588,391.07866988139483
-3.90,1.19,331.06731958762475,391.3394522768356
-3.90,1.19,331.2859072164907,391.6002346722763
-3.90,1.19,331.5044948453567,391.86101706771706
-3.90,1.19,331.7230824742227,392.12179946315774
-3.90,1.19,331.94167010308865,392.3825818585985
-3.90,1.19,332.16025773195463,392.6433642540392
-3.90,1.19,332.3788453608206,392.90414664947997
-3.90,1.19,332.5974329896866,393.1649290449207
-3.90,1.19,332.81602061855256,393.42571144036145
-3.90,1.19,333.03460824741853,393.6864938358022
-3.90,1.19,333.2531958762845,393.94727623124294
-3.90,1.19,333.4717835051505,394.2080586266837
-3.90,1.19,333.69037113401646,394.4688410221244
-3.90,1.19,333.90895876288243,394.72962341756516
-3.90,1.19,334.1275463917484,394.9904058130059
-3.90,1.19,334.3461340206144,395.25118820844665
-3.90,1.19,334.56472164948036,395.5119706038874
-3.90,1.19,334.78330927834634,395.77275299932813
-3.90,1.19,335.0018969072123,396.0335353947688
-3.90,1.19,335.2204845360783,396.29431779020956
-3.90,1.19,335.43907216494426,396.5551001856503
-3.90,1.19,335.65765979381024,396.81588258109105
-3.90,1.19,335.8762474226762,397.0766649765318
-3.90,1.19,336.0948350515422,397.33744737197253
-3.90,1.19,336.31342268040817,397.5982297674133
-3.90,1.19,336.53201030927414,397.859012162854
-3.90,1.19,336.7505979381401,398.11979455829476
-3.90,1.19,336.9691855670061,398.3805769537355
-3.90,1.19,337.18777319587207,398.64135934917624
-3.90,1.19,337.40636082473804,398.902141744617
-3.90,1.19,337.624948453604,399.1629241400577
-3.90,1.19,337.84353608247,399.42370653549847
-3.90,1.19,338.06212371133597,399.6844889309392
-3.90,1.19,338.28071134020195,399.94527132637995
-3.90,1.19,338.4992989690679,400.20605372182064
-3.90,1.19,338.7178865979339,400.4668361172614
-3.90,1.19,338.9364742267999,400.7276185127021
-3.90,1.19,339.15506185566585,400.98840090814286
-3.90,1.19,339.3736494845318,401.2491833035836
-3.90,1.19,339.5922371133978,401.50996569902435
-3.90,1.19,339.8108247422638,401.7707480944651
-3.90,1.19,340.02941237112975,402.03153048990583
-3.90,1.19,340.2479999999957,402.2923128853466
-3.90,1.19,340.4665876288617,402.5530952807873
-3.90,1.19,340.6851752577277,402.81387767622806
-3.90,1.19,340.90376288659365,403.0746600716688
-3.90,1.19,341.12235051545963,403.33544246710954
-3.90,1.19,341.3409381443256,403.5962248625503
-3.90,1.19,341.5595257731916,403.85700725799103
-3.90,1.19,341.77811340205756,404.1177896534317
-3.90,1.19,341.99670103092353,404.37857204887246
-3.90,1.19,342.2152886597895,404.6393544443132
-3.90,1.19,342.4338762886555,404.90013683975394
-3.90,1.19,342.65246391752146,405.1609192351947
-3.90,1.19,342.87105154638743,405.4217016306354
-3.90,1.19,343.0896391752534,405.68248402607617
-3.90,1.19,343.3082268041194,405.9432664215169
-3.90,1.19,343.52681443298536,406.20404881695765
-3.90,1.19,343.74540206185134,406.4648312123984
-3.90,1.19,343.9639896907173,406.72561360783914
-3.90,1.19,344.1825773195833,406.9863960032799
-3.90,1.19,344.40116494844926,407.2471783987206
-3.90,1.19,344.61975257731524,407.50796079416136
-3.90,1.19,344.8383402061812,407.7687431896021
-3.90,1.19,345.0569278350472,408.02952558504285
-3.90,1.19,345.27551546391317,408.29030798048353
-3.90,1.19,345.49410309277914,408.5510903759243
-3.90,1.19,345.7126907216451,408.811872771365
-3.90,1.19,345.9312783505111,409.07265516680576
-3.90,1.19,346.14986597937707,409.3334375622465
-3.90,1.19,346.36845360824304,409.59421995768724
-3.90,1.19,346.587041237109,409.855002353128
-3.90,1.19,346.805628865975,410.11578474856873
-3.90,1.19,347.02421649484097,410.37656714400947
-3.90,1.19,347.24280412370695,410.6373495394502
-3.90,1.19,347.4613917525729,410.89813193489096
-3.90,1.19,347.6799793814389,411.1589143303317
-3.90,1.19,347.8985670103049,411.41969672577244
-3.90,1.19,348.11715463917085,411.6804791212132
-3.90,1.19,348.3357422680368,411.9412615166539
-3.90,1.19,348.5543298969028,412.2020439120946
-3.90,1.19,348.7729175257688,412.46282630753535
-3.90,1.19,348.99150515463475,412.7236087029761
-3.90,1.19,349.2100927835007,412.98439109841684
-3.90,1.19,349.4286804123667,413.2451734938576
-3.90,1.19,349.6472680412327,413.5059558892983
-3.90,1.19,349.86585567009865,413.76673828473906
